RepDarrenSoto,b'Touching &amp; productive conversation w/ Florida student survivors of gun violence. We\xe2\x80\x99re listening. And agree we need ACTION to stop this epidemic! I stand with our young leaders in support of sensible gun laws. \n#NeverAgain https://t.co/gCiOtA6qeF',Democrat
RepJackyRosen,"b""Today, I met with the Nevada Radiological Society to discuss ways to improve our health care system. I'm committed to fighting for Nevadans\xe2\x80\x99 access to quality, affordable health care. https://t.co/OPW5sO5t65""",Democrat
RepAlLawsonJr,"b'Looking forward to speaking on the House Floor tonight about #EmancipationDay. Last weekend, I participated in several great community events that commemorated May 20 and the end of #slavery in #Florida. #EmancipationProclamation https://t.co/RR7Q1woxQE'",Democrat
RepEspaillat,b'Photos from today\xe2\x80\x99s reception in Washington DC honoring Jose Pena Gomez. Thank you to everyone who attended today\xe2\x80\x99s events hosted by @RepEspaillat https://t.co/Q9Mch3mxnb',Democrat
RepBRochester,"b'Today, I took part in a gun violence prevention forum and heard the stories of students who have lived through senseless acts of terror. I stand with these young Americans in calling on Congress to pass responsible gun laws and make real change that protects our students. https://t.co/3QoNc7cGSS'",Democrat
RepBarragan,"b'This Administration paints all immigrants as criminals, and that\xe2\x80\x99s just wrong. ICYMI: What I said yesterday to Customs and Border Protection officials during our Homeland Security hearing. https://t.co/rjReZOrQb8'",Democrat
RepTomSuozzi,b'Busy day in DC!\nPlease take a look at this video where I press Secretary of State Mike Pompeo on the need for a comprehensive civilian strategy in Pakistan &amp; Afghanistan.\n\nhttps://t.co/4Y4TGWa7c8',Democrat
RepRoKhanna,"b'It\xe2\x80\x99s time for a bold new jobs plan that gets Americans back to work. If the free market will not provide the jobs that Americans need, then the government should. https://t.co/J1g8xx1vXx'",Democrat
RepKihuen,"b'Today I participated in a gun violence prevention forum with Parkland students &amp; youth from communities across the country affected by gun violence. While heartbreaking to hear their testimony, we must continue the fight in Congress &amp; work to #EndGunViolence! #MSDStrong #1October https://t.co/jMPRXXH3L6'",Democrat
RepMcEachin,"b'Travel safely, friends. https://t.co/WFYxZC5MGL'",Democrat
RepCarbajal,"b'Today marks the anniversary of a tragedy in our own Central Coast community, when a gunman took the lives of 6 UCSB students in #IslaVista &amp; injured 14 others.\n \nWe must honor the victims w/ action, and protect our schoolchildren by passing legislation to prevent gun violence. https://t.co/jpw3ND7Mcc'",Democrat
RepCharlieCrist,"b'Our responsibility to keep students safe goes beyond the classroom \xe2\x80\x93 must also provide safe transportation to &amp; from school. Thankful @NTSB now recommending bus seat belts. We made progress in FL, the BUS Belts Act would enhance protections nationwide! https://t.co/5CZIh0PeLn'",Democrat
RepLouCorrea,b'Watch Rep. Correa on the House Floor now! https://t.co/oHvtf12pG9',Democrat
RepJayapal,"b'This is a legacy to be proud of and one that we should build upon. We need to be working to make it easier\xe2\x80\x94not harder\xe2\x80\x94for workers to join unions\xe2\x80\x94to collectively bargain for fair wages, safe working conditions and health care.'",Democrat
RepJoshG,"b""Now it's off to court, where I'm sure we will be joined by the 33 other states, mostly Moocher States, currently utilizing the provision.""",Democrat
CongressmanRaja,"b'Martin Luther King Jr. said that, ""Darkness cannot drive out darkness; only light can do that. Hate cannot drive out hate; only love can do that."" Somtetimes to recover from tragedy, we need the most loving souls in the universe. https://t.co/0u4z1uscJg'",Democrat
RepOHalleran,b'@RepRickLarsen I really wish I would have seen this article a few years sooner...',Democrat
RepRaskin,"b'If your DACA status expired on or after September 5, 2016, you may submit a #DACA renewal application. Apply with USCIS \xe2\x86\x92 https://t.co/iupsX2FiTB'",Democrat
RepValDemings,"b'As a member of the @HouseGVP, I am meeting today with dozens of Florida students, including students from Marjory Stoneman Douglas in #Parkland. Their insight and experience is powerful. We should all listen. #EnoughisEnough #GunControlNow https://t.co/0CF7uuluiu'",Democrat
RepJimmyPanetta,b'You can still apply to renew your #DACA if you meet the requirements. Click here \xe2\x86\x92 https://t.co/2KwJlMWOIl',Democrat
RepStephMurphy,"b""STARTING NOW! --&gt; Please join our third and final telephone town hall tonight by dialing 1-866-383-2729. I'm standing by ready to take your questions! #FL07 #FlaPol #sayfie""",Democrat
DonaldNorcross,"b'""I hope that the voices of the victimized will be enough to attempt to make a change, for it is clear that changes need to be made.\xe2\x80\x9d\n- Eliana Puschett  |  Camden, NJ  |  #FosterYouthVoices\n\nhttps://t.co/yLewaPSdPY'",Democrat
RepTedLieu,"b'ICYMI: Watch @RepTedLieu question @SecPompeo about @realDonaldTrump\'s comments about a ""criminal deep state"" at the @StateDept and the crisis in #Yemen. https://t.co/d9nDLx84YM'",Democrat
RepPeteAguilar,"b'San Bernardino County relies on the Dept. of Transportation for critical improvements to our infrastructure. We should be focused on the career public servants who make that possible, not filling the agency with political staff. https://t.co/ieC3cX87es'",Democrat
RepMarkTakai,b'Happy King #KamehamehaDay2016! Today is the 100th anniversary of this commemoration. TY to all who participated! https://t.co/3EZV14tEWL',Democrat
RepKathleenRice,"b'Had a wonderful #FosterYouthShadowDay with this bright young man, Justice Henry. Justice lives in the Bronx &amp; works as a teacher\xe2\x80\x99s aid. His goal is to become a Licensed Master/Clinical Social Worker. I\xe2\x80\x99m so proud of Justice for his commitment to improving the foster care system. https://t.co/qJcrCtg9A9'",Democrat
RepDebDingell,"b'So glad to have Elazar Norton, an incoming @UMich student, join us for Congressional Foster Youth Day! #FosterYouthVoices https://t.co/2Hynyd8Bd7'",Democrat
RepBonnie,"b'This rule won\'t prevent taxpayers from ""subsidizing the abortion industry."" It will prevent women from getting all the options on healthcare. And it will inevitably reduce their access to care.'",Democrat
RepDeSaulnier,"b'Contra Costa residents are invited to join us May 29th from 5:30 to 7:30 p.m. in our Walnut Creek office for District Office Hours. Due to high demand, we ask that you RSVP online, and a member of my staff will be in touch to confirm your appointment. https://t.co/0FKhI0yIl2 https://t.co/QIQbKD9PPh'",Democrat
RepRubenGallego,"b'Right now, you can still apply to renew your #DACA. If you meet the requirements to apply for DACA renewal, you should apply \xe2\x86\x92 https://t.co/mFv0TQNa1L https://t.co/ZyTXTMNSrF'",Democrat
RepBradAshford,b'Wishing everyone a #HappyNewYear as we count down to 2017. I hope you have a healthy and prosperous year. #NE02 https://t.co/KwGJY7CSzn',Democrat
RepDonBeyer,"b'4 yrs ago a mass shooting in Isla Vista, CA killed 6. It inspired the Gun Violence Restraining Order Act, a bill to help stop mass shootings that got new support after Parkland. But Congress still hasn\xe2\x80\x99t acted. Mr. Speaker, let us vote on bipartisan gun violence prevention bills. https://t.co/da3Dw0nzuV'",Democrat
RepLawrence,"b'Right now, you can still apply to renew your DACA. If you meet the requirements to apply for DACA renewal, you should apply \xe2\x86\x92 https://t.co/33jpAAVggS https://t.co/3p7R4s8r8W'",Democrat
StaceyPlaskett,b'Congratulations to 2Lt. Orchydia Anaise Sackey on her graduation from the United States Air Force Academy. #VIExcellence',Democrat
RepHastingsFL,"b'\xe2\x80\x9cI hope the conversation we have here today doesn\xe2\x80\x99t fall on deaf ears, but turns into planning and then action. My life and the lives of young people all across this country depend on it.\xe2\x80\x9d \xe2\x80\x93 Ricky Pope. \n\nWe hear you Ricky. #EnoughIsEnough https://t.co/GRFVDBgGkz'",Democrat
RepKClark,b'Still not sure whether you qualify to submit a #DACA renewal application? This FAQ by @NILC_org &amp; @UNITEDWEDREAM can help you determine whether you do \xe2\x86\x92 https://t.co/OSlqxK4zML. https://t.co/XxCfJnBS6J',Democrat
USRepKCastor,"b'@emilyhholden @CorbinHiar @MariahCBlake @emilyhholden @CorbinHiar @MariahCBlake We released our #TrumpsToxicTeam report yesterday detailing corruption, self-dealing &amp; more at the EPA, DOI, and DOE. May have to add this also! Read about it here: https://t.co/p2ExHih01w'",Democrat
RepBeatty,b'FACT: nearly 1-in-5 teachers in America need a to work a 2nd job to make ends meet. We can do better! #ABetterDeal https://t.co/N2WYCo9y88',Democrat
PeterWelch,"b'It is critically important to improve and expand the stock of decent, safe and affordable housing in Vermont. These grants will help ensure Vermont housing authorities have the resources they need to meet the need for affordable housing across the state. https://t.co/hrmLAoloul'",Democrat
AnthonyBrownMD4,b'Congratulations @AmyMcGrathKY',Democrat
RepRobinKelly,"b'Congratulations to Raven Davis, a senior at @HFHS59, on her #LiveMasScholarship from @tacobell. #IL02Proud https://t.co/XZ3N3zZklG'",Democrat
RepTimWalz,b'A government entity barring reporters from attending an event open to the press should be a wake up call in any democracy \xe2\x80\x94 especially our own.\n\nAnd how does @EPAScottPruitt still have a job? https://t.co/cpI9JyXP8m',Democrat
RepJuanVargas,"b'If you had DACA and your DACA issuance was cut short by DHS (meaning DHS terminated your DACA), you can renew your DACA, but you have to fill out an initial DACA application. Here\xe2\x80\x99s a helpful FAQ \xe2\x86\x92 https://t.co/PHUK9sGsal https://t.co/AlV1vNfiXo'",Democrat
JuliaBrownley26,"b'Great news! CA Transportation Commission has approved funding for Rice Avenue Rail Safety project. Thank you to partners at federal, state &amp; local levels \xe2\x80\x94 especially @JerryBrownGov, @ASM_Irwin &amp; @GoVCTC Exec Dir @DarrenMKettle. https://t.co/Xj9CCIUdcQ'",Democrat
RepCardenas,"b'A thread on Sinclair, the city of Los Angeles and the future of local news. https://t.co/uyzIrSYmns'",Democrat
repmarkpocan,"b'The Internet should remain a free and open space. If we don\xe2\x80\x99t fight to protect Net Neutrality, then Internet companies could charge more for higher speeds or even limit access. \n\nI urge all my colleagues in the House to sign the discharge petition and #SaveTheInternet. https://t.co/SOzbXkHyKb'",Democrat
RepDonaldPayne,"b'Professor Alfred Slocum of @RutgersLaw was a titan in the legal community. His was a life well-lived. Rutgers, Newark, and all of New Jersey will truly miss him. https://t.co/ITXml2fiMp'",Democrat
RepScottPeters,"b'#TeamPeters joined @BalboaPark to celebrate their 150th anniversary. We presented a proclamation with @RepSusanDavis to celebrate this National Historic Landmark enjoyed by San Diegans and visitors for its charm, culture, and open spaces. https://t.co/oc5SekIr3r'",Democrat
RepBetoORourke,"b'Thanks to these Texans from the American College of Physicians for coming by our office, and for your thoughtful ideas on the opioid epidemic, prescription drug prices, and gun violence. https://t.co/mjPkaVheNd'",Democrat
RepCheri,"b""Today I testified on my Gold Star Spouses Leasing Relief Act at the Veterans Affairs Subcommittee on Economic Opportunity.The spouses of our fallen heroes have sacrificed far too much &amp; I'm proud to advocate for expanding protections for our gold star families. https://t.co/pbV3LZ1GLx""",Democrat
CongressmanRuiz,"b'Never before has an administration censored conversation between a woman and her doctor, and we should not start now. #NoGagRule\nhttps://t.co/MobFeEiQno'",Democrat
RepFilemonVela,b'Happy World Turtle Day! Today we celebrate and continue the protection of turtle species and their disappearing habitats around the world. #WorldTurtleDay',Democrat
RepSinema,"b""Arizonans need broadband access to compete in the 21st century economy. We're working across the aisle to connect all Arizonans to reliable internet. https://t.co/mIP8HAxMEK""",Democrat
RepBillFoster,b'It\xe2\x80\x99s shameful that Republicans have blocked my legislation to allow patriotic #DREAMers \xe2\x80\x93 some of the best and brightest young minds in our nation \xe2\x80\x93 from serving in the military. https://t.co/JnrAE2mqda',Democrat
RepLoisFrankel,"b'Kierra joined me at the Capitol for the @NFYInstitute Shadow Day. She just graduated @UF w/ a Masters in PR, &amp; shared her story w/ me of growing up in the foster system &amp; and what we can do to make sure foster youth have every opportunity to succeed. #GoGators! #FosterYouthVoices https://t.co/O7xEFo84Rr'",Democrat
RepVeasey,"b'Attn #DREAMers! If your #DACA expired on or after the September 5, 2016 you may submit a DACA renewal application. Apply with USCIS \xe2\x86\x92https://t.co/4BSijSS1Mr https://t.co/068DDpuVrw'",Democrat
RepSeanMaloney,"b""The #GOP #TaxBill doesn't help the American workforce - but don't take my word for it. Latest reports show that 6 in 10 workers believe that the plan will either hurt their financial situations or have no effect. This bill was bad news and I was proud to vote against it. https://t.co/FcCHkDU27p""",Democrat
RepSchneider,"b'I always look forward to our weekly open house for constituents on Wednesday mornings when Congress is in session. Good conversations today with visitors from @LurieChildrens , @RadiologyACR @NAIFA @NATCA. Join our next #BagelswithBrad on June 6 by calling (202) 225-4835. https://t.co/UdtgLqTi5p'",Democrat
RepHuffman,b'Glad to be a part of this effort to hold Trump\xe2\x80\x99s Toxic Team accountable https://t.co/QG8F5pxEiP',Democrat
RepDennyHeck,b'Thanks to so many leaders from around Washington state for coming to DC on a mission to #SaveOurSound. Your hard work is crucial to preserving our iconic Puget Sound. https://t.co/Bt7GRvatla',Democrat
TulsiPress,"b'There are many kinds of natural disaster that can impact our islands. Because of their level of devastation or frequency of occurrence, our top three hazards are hurricanes, tsunamis, and flashfloods. That\xe2\x80\x99s why it\xe2\x80\x99s important to always be prepared: https://t.co/k0w4IpQkQ1'",Democrat
RepLujanGrisham,"b'I\xe2\x80\x99m disappointed that Congress did not find a balance between supporting small banks &amp; ensuring we have strong consumer protections to prevent discriminatory &amp; predatory lending, credit bureau monopoly &amp; risky financial market abuses that could trigger a financial catastrophe. https://t.co/crhQzesItd'",Democrat
RepEsty,"b'I joined students from across the nation to address mounting concerns about the gun violence epidemic that is plaguing our country. It\xe2\x80\x99s time for us to come together and build consensus--- by working together, we can change the culture around gun violence. https://t.co/kIkNFD6ZDX'",Democrat
RepDerekKilmer,"b""Great to see the record-breaking turnout today for Puget Sound Day on the Hill. Together, we've been able to protect funding that keeps the Sound healthy &amp; we've won investments that will help slow stormwater runoff. Let's keep pushing to #SaveOurSound \xf0\x9f\x8c\x85""",Democrat
RepAnnieKuster,b'The VA MISSION Act shows what we can accomplish when we put aside partisan difference &amp; focus on achieving real results. Our veterans deserve convenient access to high quality healthcare and services and this bill is a step toward honoring that commitment. https://t.co/8qG00dJRpg',Democrat
RepJoeKennedy,b'Religious freedom is a shield not a sword. Thank you @SenKamalaHarris for adding your powerful voice to our #DoNoHarm Act! https://t.co/EzER4X6J3B',Democrat
RepLowenthal,"b'Today I was shadowed by Jordan, a former foster youth from Signal Hill! We\xe2\x80\x99re discussing challenges in the foster system, the role of Congress and what we can do to support our young people! https://t.co/isFZ9vaLVy'",Democrat
USRepRickNolan,"b""May is National Foster Care Month, I'm proud to support the #FosterYouthVoices in my district. As a Member of the Caucus on Foster Youth, I was pleased to have Shane Read of Bemidji spend the day with me touring the Capitol, attending meetings, &amp; riding the Congressional train! https://t.co/BhQOLUWoUr""",Democrat
RepGraceMeng,"b'The charges against Sherry Chen were a gross injustice. We must continually guard against racial &amp; cultural biases that may distort criminal investigations, as appears to have occurred in her case. @CommerceGov must abide by the judge\xe2\x80\x99s ruling and immediately reinstate Chen (2/2)'",Democrat
RepDanKildee,b'Welcomed students from @CarmanAinsworth to Capitol Hill! Always great to see students from #Flint in our nation\xe2\x80\x99s capital. https://t.co/ktjsoXSC5x',Democrat
RepMarkTakano,b'Happy that the House has included my amendment to create opportunities for #Deaf Americans in the Armed Services in the #NDAA. It is an honor to represent the large Deaf and Hard of Hearing community in Riverside. Everyone deserves a chance to serve. #DeafTalent #EqualityforAll',Democrat
RepLipinski,"b""Working to get Bubbly Creek in #Chicago cleaned up and restored. My amendment that removes a legal obstacle to the project passed out of the House T&amp;I Committee today. I'm looking forward to a day when area residents will be able to enjoy this waterway. https://t.co/48fAD5AQun""",Democrat
RepDelBene,"b""It's #WorldTurtleDay! Here\xe2\x80\x99s a throwback to visiting the @SeattleAquarium to see Tucker, the turtle who was found near death off the Oregon Coast and nursed back to health. Hope he\xe2\x80\x99s having the time of his life in the warmer waters down south! https://t.co/LE8hle9BQb""",Democrat
RepBera,b'We need to support our men and women in uniform every way we can. Thanks to the USO who let us put together care packages yesterday to send to servicemembers. https://t.co/Lcp5umxYte',Democrat
RepSwalwell,b'And this should be welcomed. People can evolve. https://t.co/I4rpqphLRD',Democrat
RepJohnDelaney,b'April and I send our prayers and condolences to the family of Officer Caprio. Her loss is a tragic reminder that our men and women in uniform risk it all every day to protect us.',Democrat
RepDannyDavis,b'Jasmine - I agree with you - we have a road map with the 2nd Chance Act https://t.co/3dzp9DJGEb',Democrat
RepCummings,b'My sincerest condolences go to the loved ones of Officer Caprio. Baltimore County was blessed to have her years of service and sacrifice. She will be missed greatly.',Democrat
RepCartwright,b'Thanks to @NATCA for stopping by and visiting with me at the office today. #NATCAinWashington https://t.co/WLj01drEXv',Democrat
LacyClayMO1,b'The #1stAmendment is worth fighting for. #TruthMatters https://t.co/CYDnMWW005',Democrat
RepMarcyKaptur,"b'.@realDonaldTrump and GOP held a $150,000 a plate fundraiser where Chinese investors were encouraged to attend? Where is the guard dog protecting American economic and security interests @POTUS promised on the campaign? Siding with foreign interests over U.S. workers is shameful. https://t.co/0SxQOEPl1o'",Democrat
RepBonamici,"b'Foster youth face many challenges, and I\xe2\x80\x99m always inspired to hear about how they overcome them. Isaiah spent time with me for #FosterYouthShadowDay. We need to develop approaches that help these resilient youth access the opportunities and support necessary to succeed. https://t.co/nLH3llvw2s'",Democrat
BettyMcCollum04,"b'Congratulations to the Johnson High School badminton team on winning their 9th state title. It\xe2\x80\x99s great to see how friendship, hard work, and perseverance can lead to such great success!  \nhttps://t.co/Pl5Os5Ievw'",Democrat
daveloebsack,b'Always enjoy joining the @the_USO to help assemble care packages for our troops serving overseas! #betheforce https://t.co/FtSvhrjpbL',Democrat
RepRoybalAllard,"b'So appreciated my time today with Dezi and Ricardo, two #LACounty #FosterYouth who joined me in DC for #FosterYouthShadowDay! Grateful to hear their perspectives as I work to ensure our #FosterCare and #ChildWelfare systems give our young people the care and support they need. https://t.co/VlwJZa3YJo'",Democrat
RepJeffries,"b""We will systematically dismantle America's Prison Industrial Complex. Today. Tomorrow. Until it's gone forever. #FIRSTSTEPAct https://t.co/HtCc6za9HW""",Democrat
RepJaredPolis,"b'The #StudentsOverSpecialInterests Act will repeal the GOP\xe2\x80\x99s corporate giveaways, and cancel out student debt across the country. https://t.co/n2PsUnukpV'",Democrat
RepCicilline,"b'Once again, under this Republican Congress, the middle class is getting screwed.\nhttps://t.co/HQPrQFcVfa'",Democrat
RepRichardNeal,"b""Let's invest in something people will take: opportunities. https://t.co/6p3TgG7nXm""",Democrat
RepSusanDavis,"b'Thanks to everyone from Taylor Guitars, Deering Banjo and others from the National Association of Music Merchants (NAMM) for advocating for more music education. I agree--music in our schools is important! https://t.co/PSyhrCoYad'",Democrat
GKButterfield,"b'DREAMERS- Right now, you can still apply to renew your DACA. If you meet the requirements to apply for DACA renewal, you should apply \xe2\x86\x92 https://t.co/WcA0HXQK0k\n\nRT to tell a friend! https://t.co/EGdLeo7dSI'",Democrat
RepRickLarsen,b'Thank you @johnharkes6 for your work with the @ussoccerfndn &amp; keeping Members of Congress on our toes during #CSM18 https://t.co/MMbnOpuiF9',Democrat
RepMcNerney,"b""Congratulations to Stockton Collegiate International Secondary School, which was ranked by @USNews as one of the nation's top charter schools. https://t.co/ERW79c3xM7""",Democrat
RepJohnYarmuth,"b'So sad to hear of Danny\xe2\x80\x99s passing. I was just with him at an event on Saturday and can\xe2\x80\x99t believe he\xe2\x80\x99s gone. He was a true public servant, an inspiring leader for Louisville, and simply an incredible person. My heart breaks for his family. https://t.co/ssNEZCSzlp'",Democrat
RepTerriSewell,b'Thank you again for Lakeidra for joining me today! We can all learn by listening to #FosterYouthVoices. Very successful #FosterYouthShadowDay!!! https://t.co/0WHAIV2Dgl',Democrat
RepSarbanes,"b'Yesterday, @HouseDemocrats tried to force a vote on the Government By the People Act (H.R. 20), a bold reform to counter the influence of big money in politics and return power to the people. @HouseGOP blocked it. https://t.co/CY93FnG6Mh'",Democrat
SupJaniceHahn,b'The @PVPLC is using goats to clear weeds in an environmentally friendly way as they restore the Agua Amarga Reserve to its native state. \n\nI visited the goats today and met the goat I\xe2\x80\x99m sponsoring! Isn\xe2\x80\x99t he cute!? https://t.co/4UUZuf4ChK',Democrat
RepStephenLynch,b'It is shameful that Congress is weakening rules that protect American taxpayers and the U.S. economy. #S2155',Democrat
Call_Me_Dutch,b'@kelmej Thanks for noticing!!',Democrat
RepBobbyRush,b'Proud to stand with dozens of young men and mentors from @RepWilson\xe2\x80\x99s @5000RoleModels program. They are here to call on Congress to take action to prevent gun violence. We have a responsibility to act. #EnoughIsEnough https://t.co/OGDifA2BIA',Democrat
RepThompson,"b'Honored to recognize Travis Risley, Anthea Johnson, Izzy Goldman, Savanna Harwood, Larkin Dewyer, &amp; Juan Carlos Mora as the 2018 Student Leaders of the Year in Napa County! They were chosen for their contributions to our community. More from @NapaRegister https://t.co/zeCa46wm3O'",Democrat
RepLoisCapps,"b'Happy New Year and wishing you all the best in 2017! Thanks again for your support and friendship, &amp; I look forward to seeing you around SB.'",Democrat
RepZoeLofgren,"b'Remember - if you have ever had #DACA status before, and you still meet the requirements, you can apply to renew here: https://t.co/BFL0pXZDfr'",Democrat
RepRichmond,b'These findings are a clear indication that the @usedgov needs to put guidance in place that will ensure our young black kids are being fairly treated in school. I have worked on this issue tirelessly since coming to Congress &amp; I will continue to advocate for black students.',Democrat
RepMaloney,"b""So inspiring to hear from @CokieRoberts &amp; @TaranaBurke at @womenshistory\xe2\x80\x99s #WMHDC18. We absolutely need to honor and remember stories like theirs. Lets make #HERstory by passing my bill to establish a Smithsonian Women's History Museum https://t.co/bcsE3Abb0X""",Democrat
RepPeterDeFazio,"b""I'm pleased that the U.S. and Canada will formally start renegotiating the Columbia River Treaty at the end of the month. Getting rid of the Canadian Entitlement would save OR ratepayers hundreds of millions of dollars: https://t.co/TYtJOx60hA""",Democrat
SanfordBishop,"b""Congrats to @LeeMiddleWest\xe2\x80\x99s SOLVE Team! These students represented #GA02 in Samsung's Solve For Tomorrow Contest as a top 10 finalist &amp; won $50K for their school. Their Tractor Angel notifies authorities when a tractor rolls over to ensure a timely response. #STEM https://t.co/v6AX9gRYie""",Democrat
RepAnnaEshoo,b'I joined House colleagues in writing to the Secretary of Health and Human Services voicing our strong opposition to defunding these essential healthcare services for women that my constituents rely on. #ProtectTitleX https://t.co/XhKiL3DR2F',Democrat
RepBarbaraLee,"b'We need to end the failed #WarOnDrugs &amp; start building an equitable, inclusive cannabis industry. My bills, the #MarijuanaJusticeAct &amp; the #REFERAct, will help reform our outdated policies while keeping the federal govt from meddling in state &amp; local laws. https://t.co/LslONNhJxv'",Democrat
sethmoulton,b'Our democracy is endangered when we cannot discuss issues before voting on them. We\xe2\x80\x99ve been attacked online before and cyber threats will only become more severe \xe2\x80\x93 yet GOP leadership rejected my amendment to protect the role of the NSC cyber coordinator without even a debate.',Democrat
RepJimCosta,b'I had a great discussion about how to improve our water infrastructure with the #California representatives from the @phccnatl this morning.\n\nIt was a special honor to be given their leadership and service award. https://t.co/m8C7H6O15A',Democrat
nikiinthehouse,"b'I just signed onto the discharge petition that would force the House to vote on legislation to preserve #NetNeutrality. I will continue to stand for a free and open internet, and I hope more of my colleagues will do the same. https://t.co/ci6fJgG2wv'",Democrat
RepMcGovern,"b'BIG NEWS: House passed my #bipartisan amendment to honor 225,000+ American #veterans who put their lives on line in #nuclear weapons tests between 1945 and 1966. America must always honor our veterans. This recognition is long overdue. Senate must do the same. https://t.co/Hhy4n6IQ9s'",Democrat
RepYvetteClarke,b'I look forward to seeing you all at the Brooklyn launch of our #SmartCitiesCaucus next Tuesday. RSVP here: https://t.co/XdeeQMGcYN https://t.co/2SGt34LW8R',Democrat
RepKarenBass,"b'No one knows the child welfare system like current and former foster youth. Today, I was joined by Megan, who flew across the country for the first time to share her experience in the child welfare system with me. \n\nThank you for your bravery.\n\n#FosterYouthVoices https://t.co/pQ1Rj7Xm9x'",Democrat
USRepRHinojosa,"b'Yesterday evening, I was recognized and presented a proclamation by the Board of Directors of Affordable Homes of... https://t.co/GO0rzxmYFW'",Democrat
JohnCarneyDE,"b'Joined members of the Rehoboth Beach-Dewey Beach Chamber of Commerce this afternoon and talked about supporting small businesses, strengthening our workforce, and reducing rising health care costs. #DelBiz https://t.co/NE49Fd9pVD'",Democrat
NormaJTorres,b'This is shameful. These young Native American athletes shouldn\xe2\x80\x99t be punished simply for reporting abuse. https://t.co/fMJxhceXDs',Democrat
RepHanabusa,"b'America\xe2\x80\x99s teachers are underpaid, our schools are underfunded and that means our children are often denied access to the quality public education they need to succeed. They deserve #ABetterDeal  https://t.co/4OsLiSWLwF'",Democrat
RepWilson,b'. @NancyPelosi tells colleagues that their political survival is nowhere near as important as our children\xe2\x80\x99s survival. https://t.co/P44iYdnCRe',Democrat
USRepKeating,"b'Once again, we must ask: When will Speaker Ryan allow this Congress to do something to protect our kids and citizens so we can come together and say never again?'",Democrat
JoaquinCastrotx,b'Joining @CNN @andersoncooper @AC360 tonight at 7:40pmCT/8:40pmET to discuss tomorrow\xe2\x80\x99s @TheJusticeDept @FBI briefing that excludes #Democrats.',Democrat
RepBrendanBoyle,"b'@refrigman1 Yes. I encourage you to sign up on our website to receive our newsletters and emails where I provide updates on each of the issues you cited, as well as others.'",Democrat
NitaLowey,"b'""We write today to call on the Postal Service to implement a broad, aggressive program to combat robberies and theft of mail across the Hudson Valley,"" the letter said. https://t.co/TXua7Tc8O4'",Democrat
RepCuellar,"b'Today, I met with Governor Carlos Hisa and Samantha Villarreal of Ysleta Del Sur Pueblo to discuss Texas tribal issues. https://t.co/rb2po7GOjk'",Democrat
RepAndreCarson,"b""Today I was privileged to host Nancy, a former foster youth from #Indy for Congressional Foster Youth Shadow Day! Nancy was among the many #FosterYouth who came to Capitol Hill to shadow Members of Congress &amp; discuss how to improve America's child welfare system. https://t.co/pYdIyec115""",Democrat
RepVisclosky,"b'Thank you to all of the attendees and presenters at last week\xe2\x80\x99s Military Academy Night. For those unable to attend, all the information is available through this link: https://t.co/klUGMYbyhb https://t.co/Rkerq44Nje'",Democrat
RepJudyChu,"b""In 2018 America, your race, ethnicity, and zip code can still determine your access to healthcare. That's why the Congressional Asian Pacific American, Black, and Hispanic caucuses teamed up to ensure all Americans have equal access to healthcare. https://t.co/4lli2ih7ge""",Democrat
Clyburn,"b'Many thanks to @RepCummings, @OversightDems and the staff for their help on this report: https://t.co/JQvfuLYER1 on the #GOPTaxScam'",Democrat
LloydDoggettTX,"b'On this runoff Election Day, remember that the most important form of exercise is exercising your right to vote. Find your polling place at\xc2\xa0https://t.co/zkbIIo2iD1\xc2\xa0and vote today!'",Democrat
repdavidscott,"b""Today I took to the House Floor to condemn the 2018 Farm Bill for its separate and unequal treatment of our nation's 1890s Land Grant African-American Universities. It's time for these schools to finally be treated with the respect and dignity they deserve. https://t.co/2JsIjOpEG1""",Democrat
RepEBJ,b'Atencion #DREAMERS! Si cumplen con los requisitos califican para solicitar su renovaci\xc3\xb3n. USCIS esta aceptado aplicaciones de renovaci\xc3\xb3n. Les aconsejamos que lo hagan lo mas r\xc3\xa1pido posible.',Democrat
NydiaVelazquez,"b""TOMORROW, THURSDAY, 10 a.m. on Capitol Hill at House Triangle, I'll be joining @HispanicCaucus in calling for @BetsyDeVosED to retract her statement saying schools can locally determine whether to call ICE on undocumented immigrant students!""",Democrat
RepEliotEngel,"b'Yesterday, @HouseGOP continued their march backwards by passing the most significant weakening of #DoddFrank since the law was first written in response to the #GreatRecession. The banking industry needs more scrutiny, not less. Read my statement: https://t.co/EjDlQl7RSd'",Democrat
repcleaver,"b""#TeamCleaver was also in Slater to see the new utility truck and firefighting equipment acquired by the city via grant from @usdaRD. The partnership between Slater and USDA RD allowed for this life-saving equipment. That's why I'll continue fighting to protect @USDA programs. https://t.co/nBoZES1wD4""",Democrat
RepCohen,"b'Pleased House OGR Committee passed my bill to name #USPS bldg@ 1325 Autumn Ave in #Memphis the Russell B. Sugarmon Post Office Bldg. No one deserves this more than Judge Sugarmon,2nd #AfricanAmerican elected to TN Gen Assembly&amp; trailblazer for #CivilRights https://t.co/9MKjungvPi'",Democrat
BobbyScott,b'Further proof that the #GOPTaxScam put corporations and the wealthy over workers. https://t.co/oUp2QrGSUH\xe2\x80\x9d',Democrat
gracenapolitano,"b'ATTENTION DREAMERS! Right now, you can still apply to renew your DACA. If you meet the requirements to apply for DACA renewal, you should apply \xe2\x86\x92 https://t.co/hDTSLEgs7j https://t.co/nZ6viusAiZ'",Democrat
RepAlGreen,"b"".@SpeakerRyan bring the gun safety bills we have pending to the floor of the House for a vote. The American people need solutions, not just moments of silence for another group of victims. If you won't act, step aside. https://t.co/rMQXaqeY5y #ActionNotTalk #SantaFe #Parkland""",Democrat
RepDavidEPrice,"b""\xe2\x86\x928 indictments of 19 people &amp; 3 businesses\n\xe2\x86\x925 guilty pleas\n\xe2\x86\x922 criminal cases headed to trial\n\xe2\x86\x921 person already serving prison sentence\n\nThe Special Counsel isn't hunting witches, he's catching criminals and uncovering corruption. https://t.co/FffQDwIoyJ""",Democrat
RepMarciaFudge,"b'In 2 days, foster youth from across the country will be meeting with Members of Congress to help our government improve the child welfare system. Looking forward to being part of this important conversation. #FosterYouthVoices. #Supportouryouth https://t.co/i1HxPuZagK'",Democrat
RepBrady,"b'Children on #SNAP are more likely to graduate, break the cycle of poverty, and contribute to a productive and efficient economy in the future. \xe2\x80\x9cAnd a child shall lead.\xe2\x80\x9d #NoHouseFarmBill #ProtectSNAP #HandsOffSNAP https://t.co/ZXZAXrq7j4'",Democrat
rosadelauro,"b'Right now, you can still apply to renew your DACA. If you meet the requirements to apply for DACA renewal, you should apply \xe2\x86\x92 https://t.co/fAHHjqyeBZ https://t.co/qKYK00b2pZ'",Democrat
RepJohnConyers,b'I am grateful to my colleagues who have called for due process before weighing judgment. I would urge them to continue to do so for any Member accused of wrongdoing. Basic fairness requires no less.',Democrat
RepTedDeutch,"b""If your member of Congress isn't fighting to end gun violence then they are neglecting a critical issue that could affect any American at any time. Thank you to @NancyPelosi @RepThompson @RepWilson for being on the right side of this issue and joining me for this important forum.""",Democrat
AGBecerra,"b'Every student, regardless of immigration status, is entitled to feel safe &amp; secure at school. Our office issued guidance to help schools better understand protections that safeguard the privacy of students &amp; families. View our checklist &amp; guidance: https://t.co/D4MjG7vyaQ https://t.co/yMaBuTmzOF'",Democrat
RepJimMcDermott,b'Tomorrow I begin my retirement from public service. It has been a tremendous honor to serve as your Congressman. Thank you. https://t.co/RwgWshKc81',Democrat
RepSheaPorter,"b'This afternoon, I joined a Democratic hearing on #gunviolence prevention featuring a panel of high schoolers who have been affected by violence. These kids are so brave and are leading the way in getting Congress to take action. It\xe2\x80\x99s time for Speaker Ryan to listen. #neveragain https://t.co/MNueYgKszp'",Democrat
repdinatitus,"b""Today I offered an amendment to the Army Corps Reauth. in support of the important restoration work in the Lake Tahoe Basin. Tahoe is a critical economic engine in the Sierra Nevadas. I'll continue to fight for this program. https://t.co/rngLsK50F8""",Democrat
DWStweets,"b""I'm so proud of my fellow Florida Gators and yes, even the Seminoles, for refusing to let Rick Scott stand in the way of the right of students to access the ballot box and make their voices heard. https://t.co/gnUospLvbG""",Democrat
collinpeterson,b'Tomorrow I would appreciate your vote to continue working as your common sense Congressman in #MN07 : http://t.co/qWkJV1GVMd',Democrat
RepRonKind,b'One of my favorite summer traditions is driving across Wisconsin with my family to local county dairy breakfasts. Check out the link below to find a dairy breakfast near you! \xf0\x9f\xa7\x80\xf0\x9f\xa5\x9b\xf0\x9f\x90\x84\nhttps://t.co/SQVTat9TXE',Democrat
repjoecrowley,b'@KolbeNelson @NYCTSubway looking into it! Will be back with an answer ASAP.',Democrat
RepGeneGreen,"b""If you\xe2\x80\x99ve never applied for #DACA before, you may not apply for DACA now. Only people who have had DACA at some point can submit a renewal application. **NOTE: This hasn't changed because of the recent court ruling on DACA.** Apply \xe2\x86\x92 https://t.co/m0l8lAK64h. https://t.co/ygVnX1dAXy""",Democrat
LorettaSanchez,"b'Our veterans make our country proud. On #VeteransDay, we honor their sacrifices and their bravery https://t.co/yBTmhe1kEp'",Democrat
RepDwightEvans,b'The # of thoughts &amp; prayers Republicans have offered in the wake of tragic gun violence far succeeds the # of times they have joined my Dem colleagues and me on legislation to enact common-sense #gunreform.\n\nThe time for action is NOW\xe2\x80\x94myself &amp; thousands of others have had enough!',Democrat
RepGaramendi,b'I had a great time meeting with @OrganicTrade members today to discuss how we can support organic agriculture and products in Congress. https://t.co/M5I10zGXK1',Democrat
RepSchakowsky,"b""Progressives Sound Alarm Ahead of Tuesday House Vote on 'Bank Lobbyist Act' https://t.co/VAFnn0tZAW""",Democrat
RepJoeCourtney,"b'This week we are marking #NationalMaritimeDay, serving as an opportunity to recognize one of our nation\xe2\x80\x99s most important industries. Eastern CT is home to one of the country\xe2\x80\x99s strongest maritime economies. A special thanks to our region\xe2\x80\x99s hardworking maritime industry workers.'",Democrat
RepPaulTonko,"b""Thanks @USRepMikeDoyle for your leadership on this generation-defining issue. I'm proud to be fighting to restore #NetNeutrality &amp; a level playing field for America's #smallbiz &amp; consumers! https://t.co/N4zsUbcxjP""",Democrat
repdonnaedwards,"b""As of Dec 15, I'll no longer tweet from this account. Please stay in touch by following me @DonnaFEdwards Thank you for the privilege. \xe2\x9d\xa3\xef\xb8\x8f\xf0\x9f\x87\xba\xf0\x9f\x87\xb8""",Democrat
BennieGThompson,b'Congressman Thompson\xe2\x80\x99s statement for NO vote on #GOPFarmBill: https://t.co/rvPrfBcKR2',Democrat
JacksonLeeTX18,b'Congratulations to the @HoustonRockets on the win tonight in Game 4 over @warriors! \xf0\x9f\x9a\x80 \xf0\x9f\x8f\x80 #RocketsNation #Rockets @TilmanJFertitta  #HoustonStrong',Democrat
GerryConnolly,b'This is the sound of cement cracking around the ossified feet of the SCOTUS. We must have cameras in the court.\n\nhttps://t.co/Fp8doA8o93',Democrat
mikecapuano,"b""I'll continue to stand up to Donald Trump, whose actions hurt women and families in every community. Women, and our entire country, deserve better. Join me in standing with Planned Parenthood: https://t.co/dJS2iohNMg""",Democrat
BillPascrell,b'I always enjoy welcoming @steelworkers to Washington. We need their common sense in standing up for a living wage and the dignity of working Americans. #USWWorks #solidarity #District4 https://t.co/sPpnyTEYRA',Democrat
louiseslaughter,b'The #FlintWaterCrisis epitomized what is actually a nation-wide crisis and Federal investment in water infrastructure is needed to truly address this burgeoning problem. https://t.co/KanV3kKft5',Democrat
RepAdamSmith,b'Read more here \xe2\x86\x92https://t.co/5NIkBzxhj7 @HighlineSchools',Democrat
RepMikeQuigley,"b'Smaller government? Not when it comes to women\xe2\x80\x99s #healthcare. Now Trump is using the gov to dictate what doctors can tell their patients. \n\nRT to tell this Administration: #NoGagRule, which will only serve to shut down providers &amp; cut vital services. https://t.co/KiEQQMnmnO'",Democrat
RepJohnLarson,"b'This morning\xe2\x80\x99s announcement that @UTC will hire 2,000 workers in CT is great news for our state and demonstrates our strength as a hub for manufacturing, innovation, and as a home to a skilled workforce. I thank UTC for their commitment to our state! https://t.co/v2TdNgOCU1'",Democrat
chakafattah,b'@TheStreet https://t.co/evNUAVfCpV',Democrat
JuliaBrownley,"b""Even Trump's own former HHS Secretary is admitting it: The #GOPTaxScam is driving up health care prices. It's long past time for Republicans to come to the table to work on a bipartisan plan to bring down healthcare costs for hard-working families. https://t.co/41ZwHcYwen""",Democrat
AlanGrayson,b'My first broadcast ad starts today! Check it out. \n#UnboughtUnbossed https://t.co/pp4SljEo5W',Democrat
RepJerryNadler,b'Read my statement on @realDonaldTrump and @HouseGOP\xe2\x80\x99s reckless and dangerous effort to pressure the Department of Justice into exposing the identity of a top-secret FBI source. https://t.co/D1LyKIfLvw',Democrat
USRepMikeDoyle,b'New poll shows strong support for #NetNeutrality across the political spectrum and among all age groups. \n#SaveNetNeutrality \nhttps://t.co/MgJ8wnolCJ',Democrat
DorisMatsui,"b'Today I had the pleasure of participating in #FosterYouthShadowDay with Israel from Sacramento. Thank you, Israel, for sharing your story and your ideas! https://t.co/A4saywRM5k'",Democrat
RepGutierrez,"b""Tell me something I don't know... https://t.co/ohqaXTICGC""",Democrat
RepMaxineWaters,"b'The moment of keeps: Giuliani, keep talking. Mueller, keep connecting the dots. Rosenstein, keep saying no. Stormy, keep storming.'",Democrat
pedropierluisi,b'A las 4:15 comenzar\xc3\xa1 la conf de prensa sobre las recomendaciones reveladas por Task Force Promesa. Estaremos en vivo a trav\xc3\xa9s de FB live.',Democrat
RepBrianHiggins,b'Great news for the @WNYLC DL&amp;W Trail project https://t.co/7mWNnUPdx2',Democrat
RepJoseSerrano,b'Want to support our children &amp; their education? Support their teachers. #ABetterDeal https://t.co/ffNqlBSriW',Democrat
FrankPallone,"b'Right now, you can still apply to renew your DACA. If you meet the requirements to apply for DACA renewal, you should apply \xe2\x86\x92 https://t.co/xldxDBxcdj https://t.co/vFllN7hKcU'",Democrat
jahimes,"b'It may be true that the center cannot hold and mere anarchy is loosed upon the world, but at least the world has figured out to serve bacon...alone...just bacon. https://t.co/sGhpaDaP7t'",Democrat
BradSherman,b'#PaperTiger on #NorthKorea.  @realDonaldTrump fails to sanction major Chinese banks doing business with North Korea. See my bipartisan letter of criticism. https://t.co/UverWZ8Arz',Democrat
RepAdamSchiff,"b'There\xe2\x80\x99s a reason why this is the most scandal-plagued Administration in modern history. When you combine an unethical President with one-party rule, it is an invitation to ruin. Power corrupts, and Trump\xe2\x80\x99s absolute power has corrupted all too absolutely.'",Democrat
repjohnlewis,"b'Separating children from their parents is cruel, it is inhumane, and it is not in keeping with the moral values of our nation. It is simply un-American. I will fight this action with every fiber of my being. https://t.co/jyrwTPOxHO'",Democrat
RepRaulGrijalva,"b'#DidYouKnow that you can still apply for a #DACA renewal even if your last application was rejected for not meeting the October 5, 2017 deadline? If you meet the requirements, submit your renewal application ASAP.   https://t.co/wENidcoufa'",Democrat
RepDianaDeGette,"b""I joined @PPFA today in pushing back on @POTUS' new #TitleX domestic gag rule. Women deserve access to \xe2\x80\x93 as well as knowledge of \xe2\x80\x93 the full range of #reprorights available to them. Forcing health care providers to censor this information is not only wrong, it's dangerous. https://t.co/oN0VEucc8F""",Democrat
repsandylevin,"b'In a recent report by the non-partisan CBO, an estimated 3 million more Americans will lose health insurance between 2018 &amp; 2019 due to rising premiums mainly attributed to the #GOPTaxScam. https://t.co/TVqMZeGJvF https://t.co/UE6YEoduh2'",Democrat
RepSpeier,"b'Everyone who lost their #DACA protections, now is THE time to regain or renew your protections. Your application process will depend on whether your DACA expired before or after September 5, 2016, so be sure to check out how to apply at https://t.co/zxOF5bY462.'",Democrat
RepHankJohnson,"b'Right now, you can still apply to renew your DACA. If you meet the requirements to apply for DACA renewal, you should apply \xe2\x86\x92 https://t.co/Ly9835QQyj https://t.co/r4mcevn3s9'",Democrat
janschakowsky,"b""I'll be on the House floor discussing how @HouseDemocrats have #ABetterDeal for our democracy. Tune in!\n\nhttps://t.co/1ZxHOo7NsW""",Democrat
EleanorNorton,"b'Great news for DC students and families! We preserved #DCTAG funding in the House DC appropriations bill, released today, despite it being zeroed out in Trump\xe2\x80\x99s budget. With DC students in colleges across the nation, protecting DCTAG funding is always my first priority.'",Democrat
RepGregoryMeeks,b'You can still apply to renew your DACA - Check here if you meet the requirements and apply for your DACA renewal! #ProtectDreamers \xe2\x86\x92 https://t.co/EMBFyxEKpH https://t.co/mMbyBpig1v',Democrat
RepGwenMoore,"b'.@realDonaldTrump\xe2\x80\x99s gag rule is an attack on women\xe2\x80\x99s access to basic care like birth control, cancer screenings &amp; STD treatment. It\xe2\x80\x99s an attack on women\xe2\x80\x99s rights. #NoGagRule https://t.co/CIKv30idyV'",Democrat
repjimcooper,"b'This decision will undermine local law enforcement and school officials, and increase fear and mistrust in our communities. A cruel law that will only create new problems. https://t.co/GB7tePAZBb'",Democrat
WhipHoyer,"b'Wishing everyone, especially @UofMaryland #Terps, a happy #WorldTurtleDay! #FearTheTurtle #GoTerps https://t.co/ZG3EfOVO3F'",Democrat
cbrangel,"b""I'm sad to leave the office I've occupied for decades but am glad to see my dear friend will carry it on! I'll visit soon. https://t.co/P6yLE2EvWV""",Democrat
RepPerlmutter,b'We must stop letting people here at home &amp; in other countries undermine the integrity of our election systems. And we must protect every American\xe2\x80\x99s right to vote. We need to ensure  #ABetterDeal for our democracy.',Democrat
RepSchrader,"b""There are 24 sea lions at the base of Willamette Falls gorging on the salmon spring run right now. @MyODFW says there's a 90% chance the Willamette Winter Steelhead run will go extinct in the next few years if we don't act. We must pass my bill, HR 2083, now! #SaveOurSalmon https://t.co/YsfwzynFRC""",Democrat
RepSteveIsrael,b'Hear the first excerpt from the audiobook edition of #BigGuns from @SimonAudio: https://t.co/T1Q7GdL6GE\n\nDownload your copy today:\nAudible: https://t.co/yvtnoBA8D6\nGoogle Play: https://t.co/nDU3GUYqwB\niTunes: https://t.co/3BPJ1jbeZs https://t.co/Kvy9mK4uQK',Democrat
repbenraylujan,b'My heart is broken to learn of yet another mass shooting. That this is the third school shooting in America this week alone is unacceptable. We must take action to ensure our children no longer have to go to school scared for their safety. #SantaFe #NeverAgain',Democrat
JimLangevin,"b'One step we can take to reduce #gunviolence is to prevent children from gaining access to unsecured firearms. Today, I introduced the Child Access Prevention Act to ensure guns are stored safely. #EnoughIsEnough https://t.co/fEe6B45tC5'",Democrat
RepSires,b'Spoke with Melvyn Bray about the charitable work of @lionsclubs at home in NJ and around the world https://t.co/Jz82yKdvas',Democrat
RepMikeHonda,"b""I joined @democracynow to discuss @realDonaldTrump's unacceptable, unAmerican proposal for a #MuslimRegistry https://t.co/iA2qSJWHPM""",Democrat
repblumenauer,"b""I've never met a person who thinks it's a good idea for state-legal marijuana businesses to be forced to operate on a cash-only basis. These businesses just want to pay fair taxes w/ a check. Yet the federal govt remains in the way. We have the legislation. Now, Congress must act https://t.co/2UlGSmkNdZ""",Democrat
NancyPelosi,"b'.@realDonaldTrump said he would allow Medicare to negotiate \xe2\x80\x9clike crazy\xe2\x80\x9d to lower the cost of prescription drugs. Apparently, \xe2\x80\x9clike crazy\xe2\x80\x9d means not at all. #PelosiTownHall'",Democrat
chelliepingree,"b'Thank you to Casey Smith of @CityPortland for helping to make #FosterYouthVoices heard on Capitol Hill during National Foster Youth Month. We must ensure every child has the resources to grow up in a safe, loving home. #mepolitics https://t.co/ILGQqNvNdr'",Democrat
keithellison,b'Stop Calling It an Arbitration Agreement\xe2\x80\x94Employers Are Forcing Workers to Give Up Their Rights https://t.co/hBlfTq0CqC',Democrat
RepTimRyan,b'Thank you Senator @Sean_J_OBrien and thank you for your leadership. #TJX https://t.co/JdTBSBny2A',Democrat
RepRalphNorman,b'Thank you for coming in and meeting with me @sccepnews ! https://t.co/CWbgXSNz52',Republican
RepTomGarrett,b'HAPPENING NOW: @SecPompeo testifies before @HouseForeign. Watch live HERE \xe2\x86\x92 https://t.co/cVIj9cETLL\nhttps://t.co/zSrb6rynHw',Republican
RepArrington,"b'A BIG congratulation is in order to Rickey Bearden of Plains, Texas for his appointment to this critical board \xe2\x80\x93 one that ensures economic stability through efficient and effective crop insurance. I am confident that he will represent our region and the entire ag industry well!'",Republican
RepJimBanks,b'Welcomed 8th grade students from @HolyCrossFW to the U.S. Capitol today between votes. No surprise that these Hoosier students were smart and witty! https://t.co/ToyekUaGdS',Republican
RepJasonLewis,b'Both federal and state efforts are in play to restructure Minnesota\xe2\x80\x99s Met Council. Gov. Dayton- now is the time to make certain the Met Council is accountable to taxpayers. \nRead more on the issue here https://t.co/ZcPLDzrmaC \n#MN02',Republican
RepGallagher,"b""In just two months from now, we will once again adjourn for a month-long recess without getting our work done. This is unacceptable. I urge my colleagues: let's cancel the recess, stay in session, and do our job. https://t.co/9eLl9QrKhW""",Republican
DrNealDunnFL2,b'Just spoke on the House floor in support of the National Defense Authorization Act (NDAA) and my amendment to modernize the F-22 wing at Tyndall Air Force Base. https://t.co/K6ufV8hIid',Republican
RepJohnFaso,"b'I led a bipartisan coalition in introducing legislation to reauthorize the school-based health center program, which is vital for students and their families in under-served rural communities. Read about this worthy program &amp; our effort to reauthorize it: https://t.co/jgacKcAqi1'",Republican
RepJackBergman,b'I applaud Chairman @MacTXPress for including language in the FY19 NDAA highlighting the critical role the Soo Locks play in our national security. \n\nhttps://t.co/siuFtpHhxt',Republican
RepBrianMast,b'Big wins for local water coming out of our Transportation &amp; Infrastructure committee hearing today.  Read about it here: https://t.co/iVshSJxaTZ #SendTheWaterSouth',Republican
RepTrey,"b'The DRIVE-Safe Act enables truck drivers across the district and across the state to deliver goods in a safe, timely manner, attract the workforce they need, and create Hoosier jobs \xe2\x86\x92 https://t.co/jwaeYEzT18 @WISH_TV'",Republican
RepPaulMitchell,"b'Last night, the House overwhelmingly passed the bipartisan FIRST STEP Act, which provides inmates the support they need, while strengthening public safety &amp; enhancing prison security for all. https://t.co/1HcmS8RYAX @HouseJudiciary'",Republican
RepDrewFerguson,b'Another example that #TaxReformWorks. This is great news for #GA03! https://t.co/c0LEczD5Jd',Republican
housebudgetGOP,"b'#BudgetFact: Thanks to #TaxReform, optimism in the job market is at a 17-year high + 67% of Americans feel they can find a good job. Read more: https://t.co/pRWR06i2qz'",Republican
amashoffice,"b'""Grand Rapids is becoming a destination city not only for beer but for entertainment, art, food, and more."" https://t.co/ZbqtpVTgA8'",Republican
WarrenDavidson,"b'#winning #DoddFrank made big banks bigger and small banks fewer. That trend is not good for America. This bill is good for America, it is bipartisan, and thankfully it will soon be the law of the land. https://t.co/b4OUPtLx6w'",Republican
RepLaHood,b'@scottwongDC Why not make it exciting?',Republican
HouseSmallBiz,"b'#BREAKING: Chairman @RepSteveChabot Hails Passage of S. 2155: ""The reforms included in this package, which will now be sent to @POTUS\' desk, will put American Main Street businesses on the path to job creation and expansion."" https://t.co/x31T9REsnS'",Republican
RepMiaLove,"b'Good to see the U of U\xe2\x80\x99s \xe2\x80\x98Go Learn\xe2\x80\x99 program in my office this week. We don\xe2\x80\x99t see eye-to-eye on everything, but it was good to have a discussion about tough topics like #schoolsafety and #immigration. #utpol https://t.co/zpInOtX1Gf'",Republican
CongressmanHice,b'LIVE NOW: Confronting the Democrats\xe2\x80\x99 partisan gamesmanship over the 2020 Census asking individuals if they are an American citizen. Tune in here: https://t.co/TwxmszAJ8i \xe2\x80\xa6 https://t.co/b2RX8NugEm',Republican
RepBuddyCarter,b'The launch day for the 2018 Congressional App Challenge is coming up. I enjoyed meeting the previous winners from Richmond Hill Middle School and learning about their Wing Finder app while they were in D.C. I encourage middle and high school students in #GA01 to participate. https://t.co/29Vlco1Q15',Republican
RepJohnKatko,b'LIVE now with @gracenapolitano @RepDonBeyer on Engaging and Supporting Families in Suicide Prevention  #mhm2018 #EndStigma --&gt; https://t.co/zU8m84IDv3',Republican
RepRussell,b'It was great speaking with @BBCNews earlier this week. We discussed Iran and North Korea.\nhttps://t.co/XDDXZVsh5P',Republican
RepMarkWalker,"b'Last fall, four NC prison workers were tragically killed in an attempted jailbreak. We have to make our prisons safer for employees and more effective at rehabilitating inmates. Last night we passed the important #FIRSTSTEPAct to do both \xe2\x86\x92 https://t.co/CQHSlDUjly #NC06 #ncpol'",Republican
RepRodBlum,"b'Chatted with Iowa Plumbing, Heating, and Cooling today about the need for workers in Iowa. I support LEGAL immigration and welfare reform- I am confident that these reforms will alleviate the worker shortage we are seeing in #IA01 https://t.co/btV1yJYG8q'",Republican
RepRickAllen,"b""I had a great meeting with the National Air Traffic Controllers Association this morning. I'd like to thank all of our Air Traffic Controllers for the important work that they do everyday to ensure the safe and orderly flow of air traffic! https://t.co/C9pUHVxpSM""",Republican
HurdOnTheHill,"b""LISTEN \xf0\x9f\x8e\xa7: Talked all things #nationalsecurity with Former #CIA Acting Director Michael Morell on the latest @IntelMattersPod #podcast. Spoiler alert: it's a good one. https://t.co/FYThR5QOBY""",Republican
RepTomMacArthur,"b'Whether in NH or NJ, addressing substance use disorder cannot fall victim to partisan politics. @RepAnnieKuster and I submitted this column to the @BurlcoTimes to outline efforts of the Bipartisan Heroin Task Force. https://t.co/Lutmsyziyt'",Republican
RepAbraham,"b'After further review, it looks like the NFL actually make the right call and listened to the will of the fans. #LA05\n\nhttps://t.co/6gzsQTVUj7'",Republican
RepStefanik,"b'ICYMI: This week the House passed a series of measures to better support our veterans. As the proud Representative of more veterans than any other Member of Congress in New York, I will continue to prioritize their needs. Learn more: https://t.co/FocALmNL4i'",Republican
RepFrenchHill,"b'The best are found in Bald Knob, Arkansas at Bulldog. \xf0\x9f\x8d\x93\xf0\x9f\x8d\x93\xf0\x9f\x8d\x93 https://t.co/0D8ETAl68n'",Republican
RepRyanCostello,b'We all agree the men &amp; women who sacrifice so much to serve our country deserve the best service possible when they come home - and when they are preparing to deploy. That is why I introduced this commonsense legislation. Learn more about my bill here: https://t.co/YWKfTZOhQ3',Republican
RepRyanZinke,b'Just a reminder: Please follow @SecretaryZinke for updates on my work with @Interior - I will no longer post updates to this account. #mtpol',Republican
RepGarretGraves,"b'Happy to vote with my colleagues today to advance legislation that will directly impact Louisiana\xe2\x80\x99s flood protection, maritime, coastal, environmental and other water resources-related interests. https://t.co/WGBQWdmKDA'",Republican
RepComstock,"b""The House passed the Right to Try Act of 2017 yesterday. This legislation passed the Senate and will now move to the President's desk to become law. #VA10 #RightToTry https://t.co/UyXqWZV8sb""",Republican
RepPoliquin,b'@HouseVetAffairs Read more about the provisions I pushed for in the #VAMISSIONAct and how this is going to help so many of our Maine Vets: https://t.co/AvcQxnROfm\n#mepolitics',Republican
RepNewhouse,"b'Columbia River Treaty negotiations are long overdue, and I applaud the Trump admin for getting ball rolling on renegotiating this treaty that has a tremendous impact on our way of life in #WA04 and the PNW. Story via @TriCityHerald: https://t.co/RX6dCuGZZx'",Republican
RepBrianBabin,"b'Thanks @FoxNews for having me on to talk about a way to make our schools and communities safer. Watch the floor speech I gave on this, the night before Santa Fe shooting. https://t.co/zx6C92ikwT. #TX36 https://t.co/nAzSY1wrxK'",Republican
RepMikeBishop,"b""My #bipartisan bill would curb the flow of synthetic opioids being shipped into our country by giving law enforcement new tools to detect suspicious packages. This is just one of 60+ bills we're advancing to combat this devastating epidemic: https://t.co/8tcNxeO5f9""",Republican
RepTomEmmer,b'I\xe2\x80\x99m joining @foxnewsnight tonight w/ @ShannonBream to discuss how @POTUS is working to unleash Minnesota\xe2\x80\x99s mining potential. Tune in to @FoxNews at 10:35pm CT/11:35pm ET!',Republican
RepLoudermilk,b'Today would have been Dustin Inman\xe2\x80\x99s 34th birthday - he was only 16 when he tragically lost his life and the man responsible has yet to be brought to justice. This is why we need to #SecureOurBorders\n\nhttps://t.co/z9PfAF2EHm',Republican
repdavetrott,"b""In today's @detroitnews \xe2\x86\x92 I believe President @realDonaldTrump made a great choice in @SecPompeo. Read my column: https://t.co/lsKO7V9Hot""",Republican
RepKenBuck,"b""If you're a student in the 4th Congressional District, I encourage you to participate in this year's app challenge. We've had some great apps the last three years, and I'm looking forward to seeing what students create in 2018. https://t.co/wJBrMujG66""",Republican
USRepGaryPalmer,"b'The First Amendment encourages open debate, not the stifling of ideas in the public square. View my questions from a recent committee hearing on this topic here: \nhttps://t.co/nVSA5L6NNo'",Republican
RepCurbelo,"b'On #WorldTurtleDay what better way to celebrate than a shout-out to the great team at @TurtleHospital in the #FLKeys. Each visitor allows them to keep up their important work to conserve, rehabilitate, and release \xf0\x9f\x90\xa2\xf0\x9f\x90\xa2 https://t.co/CoovuvwSFY'",Republican
RepWesterman,b'NEWS: Westerman Introduces Land Exchange Bill for Local Church https://t.co/kVkc87wLFw #ar4 #arpx #arnews',Republican
RepLeeZeldin,"b'VIDEO: Today, I joined @realDonaldTrump on Long Island w/ my NY colleagues @RepPeteKing &amp; @RepDanDonovan for a roundtable discussion re efforts to combat MS-13. Watch my remarks here: https://t.co/HsH02LlVpH'",Republican
RepMoolenaar,"b""Today, @HouseAppropsGOP passed legislation increasing funding for the Highway Trust Fund by a billion dollars to $46 billion. This means more money for federal roads &amp; I will continue to advocate for additional funding to fix our country's most important infrastructure needs.""",Republican
RepByrne,b'Another important reform bill headed to @POTUS for his signature! I was proud to support the #VAMISSIONAct when it passed the House. https://t.co/CimKko61D5',Republican
RepGuthrie,b'I enjoyed speaking to @KBT4AllModes this morning! Thanks for having me! https://t.co/gEYsEDqimX',Republican
RepBlainePress,b'The Farm Bill is critical to our Missouri-03 farmers and rural communities. This week I had the opportunity to discuss the Farm Bill with Kermit Miller from @KRCG13 while he was in Washington DC https://t.co/wJrNJmQBUH',Republican
RepJasonSmith,b'It is now up to us to provide families with the certainty that these new rates will be there for them in the future as they plan for their lives.',Republican
RepSanfordSC,b'Our office was able to work with the Committee on the inclusion of three important topics that have direct impact on the Lowcountry... https://t.co/vDflcZgjrZ',Republican
USRepLong,"b'In May, the @HouseCommerce Committee approved over 60 bills addressing the #OpioidCrisis. Read more about what we\xe2\x80\x99re doing to fight this epidemic \xe2\xac\x87\xef\xb8\x8f  https://t.co/SG4LQJUuab'",Republican
USRepRodney,b'Great meeting today with the @AAOrtho including Dr. Douglas Harte of Livingston. Very informative conversation about higher education issues. Thanks! https://t.co/C2RZS6ImgW',Republican
Rep_Hunter,"b'In case you missed it earlier, I discussed the Clint Lorance case and other issues with Col. Denny Gillem on Frontlines of Freedom.  Listen to the full interview here: https://t.co/DcEdKg4NCs'",Republican
RepChrisSmith,b'Today\xe2\x80\x99s new CDC numbers on autism regrettably show a greater prevalence\xe2\x80\x94up 20% in NJ to 1 in 34 kids.  This quantifying of prevalence of autism\xe2\x80\x94mandated by my legislation\xe2\x80\x94helps us fight for &amp; secure much-needed fed support for treatment &amp; education of children w/ autism.',Republican
SteveScalise,b'I spoke with @TeamCavuto this afternoon about the importance of keeping up the pressure so the House can get the information we need from the FBI. https://t.co/jvbEWEVbTE',Republican
KeithRothfus,"b'Fuel-secure nuclear and coal-fired power plants provide safe, reliable, &amp; resilient electricity that millions of Americans depend on. Read more about it in my latest Op-Ed with @RepMcKinley:  https://t.co/zaVpfvkwXN'",Republican
HouseJudiciary,b'@RepGoodlatte @RepMcCaul @Raul_Labrador @RepMcSally and many others working hard to #securetheborder and get immigration reform through the House. https://t.co/ZOI5Qxo6Ob',Republican
RepDavidValadao,"b""Enjoyed hosting Central Valley resident, Jessica, for #FosterYouthShadowDay. I'm beyond inspired by her story and grateful for all she does to give back to our community. Together, we can improve foster care in California. https://t.co/GS6smqouvK""",Republican
RepJBridenstine,"b'Happy 227th Birthday to the US Coast Guard, founded in 1790 by Alexander Hamilton. #SemperParatus'",Republican
RepAndyBarr,b'I am diligently working with my colleagues in the @FinancialCmte to pass pro-growth policies that will reduce the regulatory burden on our community financial institutions and unlock access to key financial services for all Kentuckians. https://t.co/LNj9lWLVXC',Republican
RepRWilliams,b'@Authentic_EI @GovWaste I promise you I am working hard to ensure these tax cuts are permanent for all Americans.',Republican
RepPaulCook,b'I issued the following statement on the #IranDeal https://t.co/f5H49KgIJZ',Republican
SusanWBrooks,b'Sending my thoughts and prayers to former Indiana First Lady Susan Bayh and her family as she battles cancer and undergoes treatment. I join the community in praying for a full recovery. https://t.co/nMErhD5TpL',Republican
RepChrisStewart,"b'Follow along to learn more about my legislation, the Desert Tortoise Habitat Conservation Plan Expansion Act. https://t.co/lHAHPpRnTh'",Republican
RepTedYoho,b'I will be on @FoxNews today at 1:15pm EST to discuss the upcoming summit with #NorthKorea and the dismantling of their nuclear test site.',Republican
RepLaMalfa,"b""Congratulations to Cadet 1st Class Ryan Silva from Auburn, California for being named the top graduate of the U.S. Air Force Academy class of 2018! I nominated Ryan for the Academy back in 2014, and he has since proven to be one of Northern California's, &amp; the country's, finest! https://t.co/bLHAgzguy9""",Republican
RepWalorski,"b'Thanks to these Hoosier air traffic controllers who stopped by with @NATCA to discuss recruitment and other important efforts to improve safety, leadership, and efficiency in the aviation industry. https://t.co/jLDSRdgi2F'",Republican
RepDougCollins,"b""The #OpioidEpidemic represents one of the most devastating yet complex challenges of our day, and it demands a holistic response. I've introduced the Substance Abuse Prevention Act with @RepTedDeutch as part of that response. \xe2\x86\x92 https://t.co/ptIukS5Qjg""",Republican
RepMullin,b'Congress continues to work diligently to find solutions to the #OpioidCrisis. Check out @GOPLeader McCarthy\xe2\x80\x99s op-ed in @USAToday: https://t.co/RLrMX8pT5v',Republican
RepDeSantis,b'Exhibit A as to why Congress needs to authorize the Trump border wall. Fentanyl is now driving the opioid crisis \xe2\x80\x94 we can\xe2\x80\x99t solve the crisis without a secure border! https://t.co/8TlMCBPy3z',Republican
RepHolding,"b'Yesterday, the Ways and Means Committee advanced the Medicare and Opioid Safe Treatment Act. Medicare beneficiaries have among the highest and fastest growing rate of opioid use... https://t.co/Y6tgXSkFxh'",Republican
RepTomRice,"b'Jobs, Jobs, Jobs in #SC07 https://t.co/7Vj2bxfhFM'",Republican
RepChrisCollins,b'Tax reform is working by allowing more Americans to keep more of their hard earned paychecks. The National Association of Manufacturers recently reported that 72% of manufacturers plan to increase wages or benefits for workers #TaxReformWorks',Republican
TXRandy14,b'The bravery displayed by Santa Fe students saved countless lives. Their heroism will always be remembered. https://t.co/k4FW9Re9bZ',Republican
RepAnnWagner,"b'This morning, I had the privilege of meeting with and hearing testimony from our former colleague and now Secretary of State, @SecPompeo. Thanks to Secretary Pompeo and President Trump\xe2\x80\x99s efforts, U.S. foreign policy is on the right track. https://t.co/Sr4qyisFEl'",Republican
RepKevinCramer,b'Nice to visit with Shannon Radke about the SEC\xe2\x80\x99s proposed Best Interest rule and its potential impact on consumers and small businesses. https://t.co/6YBK43wHO4',Republican
RepLukeMesser,b'Our family is praying for Indiana\xe2\x80\x99s former First Lady Susan Bayh. All Hoosiers are with her and the entire Bayh family during this difficult time.',Republican
RodneyDavis,b'Very cool! Thank you to all those who serve. https://t.co/0jiV8mHwkv',Republican
RepDaveJoyce,"b'Throughout the month of May, I\xe2\x80\x99ve had the pleasure of meeting with students from all over the district. Special thanks to @KirtlandSchoolsOH, @BBHCSD, and @SFAschoolGM for paying a visit to our nation\xe2\x80\x99s Capitol! https://t.co/yfup44mphg'",Republican
RepThomasMassie,"b'Completely agree!  I\xe2\x80\x99d go a step further and allow all Americans, desperate or not, to have the #RightToTry as long as no one else is harmed. https://t.co/QJk5ucqreX'",Republican
RepMarkMeadows,"b""It is time for Americans to hear the truth about what happened at the Department of Justice on their taxpayer dime. It is time for a second special counsel.\n\n@RepLeeZeldin introduced a resolution on this yesterday. Let's put it to a vote. Enough with the DOJ's obstruction. https://t.co/2S4Dx07O8N""",Republican
RepAndyHarrisMD,"b""I applaud the Trump Administration's proposal to update #TitleX rules to exclude programs where abortion is a method of family planning. @POTUS is keeping his #ProLife promises and ensuring that Title X funding is used to provide quality family planning to low-income families. https://t.co/oUzghIjvKr""",Republican
RepPittenger,"b'Yesterday, my landmark national security bill was unanimously approved by the @FinancialCmte. This bill modernizes the review process for potential foreign investments that threaten our national security. Learn more:\nhttps://t.co/WBrq7PuQC8'",Republican
MikeKellyPA,b'Today @SenatorEnzi &amp; I sent a joint letter to @POTUS \xe2\x80\x94 signed by 80 members of Congress \xe2\x80\x94 calling on his admin to take action to defend faith-based adoption/foster care services (like those in Philly &amp; elsewhere) that have been forced to stop helping kids: https://t.co/goojQqtnPs',Republican
RepRichHudson,"b'Today I spoke on the House floor in honor of #AAWXXIX. There is ready... and then there is @82ndABNDiv ready. As the old saying goes, \xe2\x80\x9cwhen the President dials 911, the phone rings at @FtBraggNC.\xe2\x80\x9d \xf0\x9f\x87\xba\xf0\x9f\x87\xb8\n\nAirborne - all the way! #AAWXXIX  https://t.co/I3U1whq1Ms'",Republican
PatTiberi,"b'To the people of Ohio\xe2\x80\x99s 12th Congressional District, thank you for giving me the honor to represent you in the US House of Representatives for the last 17 years. It has been a great privilege. Thank you, and God bless you.'",Republican
JimPressOffice,"b'Today, I cannot be any prouder of his achievements and congratulate him on being confirmed to the 7th Circuit Court of Appeals. https://t.co/SGtKQWU4cM'",Republican
RepLanceNJ7,b'Great news. New Jersey has more Superfund sites than any other state. I worked with @USRepRodney and we fought for and won a $66 million increase in the fiscal 2018 funding package to speed cleanup of Superfund sites like American Cyanamid in Bridgewater. https://t.co/G25LVZ34uG',Republican
RepDLamborn,"b""I joined General Thompson and several Airmen from Colorado Springs to talk about the importance of space defense in the U.S.'s future national security plan. The Air Force has already made tremendous strides towards developing space warfighters ready to deter, defend, and prevail https://t.co/IvmmMFGaOY""",Republican
RepHalRogers,b'Congratulations to Gail Wright on her retirement after dedicating nearly 30 years as Executive Director of the Gateway Area Development District! https://t.co/AuC0uy7lQA',Republican
RepBradWenstrup,"b'.@WaysandMeansGOP is working to bring flexibility, transparency, and outcomes to state programs for workforce development. Watch our markup of the JOBS for Success Act. \n\nWatch live: https://t.co/TdpG2DmVtI'",Republican
MarkAmodeiNV2,b'Tune into @TuckerCarlson live tonight around 8:20 PM ET (5:20 PM PT) on @FOXNews. I\xe2\x80\x99ll be joining him to discuss immigration reform and securing our border.',Republican
MacTXPress,"b'House passes Economic Growth, Regulatory Relief, and Consumer Protection Act https://t.co/zpFYdj4Yjp'",Republican
RepDavidYoung,b'Saturday I walked for my aunt and a friend and all those who live with MS. I joined many in Des Moines who were there supporting loved ones or who knew someone affected by MS. Thank you to all for their support! #IA03 https://t.co/mkTKkp5Lm7',Republican
HouseAppropsGOP,b'The Committee has approved the report on the suballocation of the budget allocations for fiscal year 2019 (the 302(b)s) on a vote of 29-22.',Republican
RepAdrianSmith,b'Enjoyed seeing students from Adams Central High School at the @uscapitol and answering their great questions on current events. @goacpatriots https://t.co/RhMUKs1yNa',Republican
ConawayTX11,"b'Glad to have you in DC, Dr. May! https://t.co/7SPUjCnG8j'",Republican
HouseVetAffairs,"b'""With today\xe2\x80\x99s Senate action, veterans are one step closer to the care they deserve, and I thank @SenatorIsakson and @SenatorTester for championing this bipartisan measure in the Senate."" -Chairman @DrPhilRoe https://t.co/cvn9sB5dt6'",Republican
RepWebster,b'HHS new policy prohibits medical clinics from spending any taxpayers on abortions. It preserves funding for the many clinics in our communities that provide healthcare and family planning for low-income women. Thank you @realDonaldTrump for protecting life of the unborn!',Republican
MarshaBlackburn,"b'Thank you, @the_USO for the opportunity to assemble care packages for our troops yesterday- a small way to show our appreciation &amp; support for the brave men &amp; women who serve our country so honorably. #MilitaryAppreciationMonth https://t.co/oO6Khtt8dh'",Republican
RepJoeWilson,"b""OTD: May 23, 1788, South Carolina was the 8th state admitted to the Union! Let's all wish our beloved state a very happy birthday! #HappyBirthdaySC #PalmettoBirthday https://t.co/exRVxEl2m8""",Republican
RepKevinYoder,"b'This is an approach that is based on evidence, rooted in compassion, and represents another plank in our economic agenda to help move our country forward and improve life for all Americans.'",Republican
RepTomReed,"b'As always, it is great to continue these critical conversations with my friend and co-chair, @RepJoshG. 4/4  https://t.co/dq7u7K6kpo'",Republican
SamsPressShop,"b'Praying for the students, teachers, staff, and families of the Santa Fe High School. So thankful for quick-thinking student who pulled the fire alarm and the response of our law enforcement.\n\nhttps://t.co/Jvq5tw7XBM'",Republican
RepJeffDenham,"b'Yesterday, I voted in support of a prison reform bill to provide training programs and reduce recidivism rates. Prison reform is also underway at home with the @StanSheriff REACT Center. I toured the facility and donated @librarycongress books recently: https://t.co/ISyn4PI7Wf'",Republican
RepEdRoyce,b'3 Major Wins in Regulatory Relief Bill:\n1. Unleashes billions in capital for small businesses.\n2. Provides potential homeownership for 26 million \xe2\x80\x98credit invisible\xe2\x80\x99 consumers. \n3. Empowers new companies to tap into nationwide capital markets.\n\nRead more: https://t.co/5ZXBP3xlaN https://t.co/Cu3gGiYLIp',Republican
Raul_Labrador,"b'Today, I voted 4 (and the House passed) S. 2155, a bill introduced by @MikeCrapo that repeals some of the worst aspects of the Dodd-Frank law. Sen. Crapo\xe2\x80\x99s bill is an important first step in fully repealing Dodd-Frank. It will spark more investment &amp; growth, in #Idaho &amp; America.'",Republican
HerreraBeutler,"b'To all those who attended our Job Hunting Workshop today, thank you for coming and I wish you all the best on your journey! Looking forward to seeing many of you at our Jobs Fair on May 29. I also want to thank all our panelists for your valuable time today. https://t.co/iwgDpcPZQo'",Republican
RepTipton,"b""Opioid abuse is an epidemic that is plaguing our nation, and Colorado has been hit especially hard. That's why Congress is working to find solutions to fight this epidemic. Be sure to check out @GOPLeader McCarthy\xe2\x80\x99s op-ed to learn more: https://t.co/IvPiFI5c2t""",Republican
RepFrankLucas,b'This morning I had the opportunity to join Secretaries Zinke and Perdue at a USDA roundtable meeting to discuss wildfire recovery efforts and address ways to minimize and prevent damages in the future. https://t.co/HcvGhXfhca',Republican
CongressmanDan,b'#CelebrateFP https://t.co/5PfbiA3nsE',Republican
RepCharlieDent,"b""An important read from CNN's @FoxReports on the #ImmigrationReform debate dynamics in the House.  'Moderates use conservative playbook on immigration' @CNNPolitics https://t.co/jQsgEvRKe3""",Republican
RepLoBiondo,b'House debating amendments to National Defense Authorization Act tonight/tomorrow. Critical military planning bill passed Armed Services Committee with strong bipartisan vote. Look forward to House approving heading into Memorial Day. #FY19NDAA',Republican
RepGosar,b'Happening now! Tune in to @FoxBusiness to watch my interview with @LouDobbs.',Republican
RepMcKinley,"b""I joined @KeithRothfus on an op-ed detailing the need to secure America's electric grid. From extreme weather to cyber attacks, our grid is vulnerable due to the closures of coal and nuclear power plants. Click the link to read more. \nhttps://t.co/WGHhabk5bh""",Republican
RepJeffDuncan,"b'@MaryCaitlinByrd and ""requires players to stand if they are on the field during the performance.""'",Republican
RepTomMarino,"b""@McCaskillOffice @clairecmc I've been trying to meet w/ you to discuss this very issue for several days now - but your staff says you're unavailable? https://t.co/LfKsRfdPd7""",Republican
HouseHomeland,b'\xf0\x9f\x9a\xa8 Chairman @RepMcCaul gaveling in now \xe2\x86\x93\n\nhttps://t.co/UXKc3EohKO https://t.co/J7ZWXqGwv7',Republican
RepLouBarletta,"b'No child in America should got to school afraid. And no parent in America should worry about their children, if they\xe2\x80\x99re going to come home safely when they send them to school. #KidsBeforeCongress'",Republican
RepWalberg,"b""At today's @HouseCommerce hearing, I questioned leaders of the United States Olympic Committee and USA Gymnastics about the Larry Nassar scandal and their ability to protect athletes from sexual abuse. https://t.co/0WynBOSI5m https://t.co/X3ktx5gyjA""",Republican
RepHultgren,b'Truly enjoyed assembling care packages for our troops overseas. Thanks to @the_USO for their work on behalf of our service women and men. #IL14 https://t.co/WTjIfElEma',Republican
RepHartzler,"b""Yesterday, I spoke on the House Floor to give my full support for the #FY19NDAA. As a member of the House Armed Services Committee, I have been fighting to increase defense spending to ensure our troops have the capabilities, capacity and training to face today's growing threats. https://t.co/h6m5qgi11B""",Republican
TGowdySC,b'Senator Tim Scott and I will be signing books at @NewLifeColorado in Colorado Springs on Saturday at 10:00 AM! Order your copy today by visiting our website.\nhttps://t.co/7cJbwPZ9sQ',Republican
RepBillFlores,b'Our second Spring Multimedia Town Hall has begun. You can watch and participate online at https://t.co/U8rCz3vqrE',Republican
RepMoBrooks,"b'As a strong advocate for the #RightToTry Act, I\xe2\x80\x99m pleased the House passed this vital legislation yesterday so @realDonaldTrump can now sign it into law. https://t.co/AYd9Rt8UZG'",Republican
RepJimRenacci,"b'This morning, the @WaysandMeansGOP, which I serve on, held a hearing on small businesses &amp; the impact #TaxReform has had on their operations. Among the witnesses was Mike Baach, President and CEO of Philpott Solutions Group,  an industrial company headquartered in Brunswick, OH. https://t.co/h63MqxxxzY'",Republican
RepStevePearce,"b'Today, the House passed #NWPAA to modernize our nation\xe2\x80\x99s nuclear repository system, prioritizing the safety of people, families, &amp; the environment. I thank Chairman @RepShimkus for his work to make our nation more secure. ---&gt; https://t.co/JJ0LoRPMTj'",Republican
RepKristiNoem,b'Wonderful to see Kitty Werthman in the US\xe2\x80\xa6 https://t.co/VSPaFBCOXt',Republican
RepChuck,b'My deepest sympathies are with all who are suffering from the tragic shooting at Santa Fe High School. Tennesseans stand with you and are praying for you.',Republican
RepBobGibbs,"b'Proud to support #RightToTry legislation yesterday, to provide hope &amp; access to experimental treatments for terminally ill Americans. https://t.co/P8yeMow6Ng'",Republican
RepLarryBucshon,b'Violent transnational gangs like MS-13 threaten the safety of our communities. It is imperative that we protect our citizens and our communities from this ruthless gang as well as any others like it.\nhttps://t.co/JR8zDYZb4T',Republican
AustinScottGA08,"b'Earlier today, @RepLoisFrankel and I stressed the importance of our bill to more clearly label pumps that dispense E15 ethanol-blended gasoline, which is harmful for boat, pre-2001 model year vehicle, and outdoor power equipment engines. More info here: https://t.co/c8xp4njXwR https://t.co/TGcO5PC74X'",Republican
HouseAgNews,"b'""There is no @Dominos without the dairy, tomato, wheat and other farmers across the U.S."" #HouseAg agrees! We celebrate the men &amp; women in production ag along w/ Dominos &amp; will continue fighting for the #2018FarmBill to preserve the farm safety net.  https://t.co/M2U981ioEx'",Republican
rep_stevewomack,b'Thank you! We wanted to think outside the box on name tag designs! @HouseAppropsGOP https://t.co/1m8r6yqw7N',Republican
RepMGriffith,b'Honored to be named a 2018 Medicare Advantage Champion by the Coalition for Medicare Choices. https://t.co/Sd5ay25JRH',Republican
RepSeanDuffy,b'Currently chairing a @FinancialCmte subcommittee hearing on the impact of autonomous vehicles on insurance. Watch HERE ---&gt; https://t.co/rNs5RzYmeO',Republican
RepHuizenga,b'The #RightToTry legislation offers patients suffering from a terminal illness a fighting chance by providing them with the opportunity to try experimental treatments. It also serves as a tremendous example of how Congress can act in a bipartisan way to promote a #CultureofLife.',Republican
RepDavid,b'Mark your calendar! All @NatlParkService sites will waive entrance fees on April 21 (tomorrow) in honor of National Park Week! Find your park here: https://t.co/e2bwXp8V3o',Republican
HouseAdmnGOP,"b'It\xe2\x80\x99s Asian-Pacific American Heritage Month! We celebrate Asian-Pacific Islander Americans who shared their culture and helped shape our nation. \xf0\x9f\x93\xb7 Rep. Patsy Mink, the first Asian American woman in Congress, announcing the formation of the Asian Pacific American Caucus. #APAHM https://t.co/qNTn8mBaaM'",Republican
RepMarthaRoby,"b""Great news! The Senate passed the #VAMISSIONAct today to fund the Choice Program that many veterans depend on to receive care. In Alabama, 14,790 veterans enrolled in Choice last year alone, &amp; I'm proud Congress has taken this step to ensure this important program is funded. https://t.co/C9r99XGDp7""",Republican
RepKinzinger,b'Great turnout at the #BeTheForce event in Rayburn yesterday. Our hardworking #IL16 staff &amp; interns helped @The_USO assemble 2000+ packages for our troops overseas. Learn more about the #Flex4Forces here: https://t.co/FZxoJhmFZF \xf0\x9f\x92\xaa\xf0\x9f\x87\xba\xf0\x9f\x87\xb8 https://t.co/axpPHvzjCq',Republican
RepBillJohnson,"b""This morning I had the chance to sit down with representatives from the Ohio National Rural Letter Carriers' Association. We discussed upcoming legislative priorities, including postal reform and modernizing postal efforts in E/SE Ohio https://t.co/QPDr7yXqXe""",Republican
RepSteveStivers,"b'Yesterday, I had the chance to testify in the Veterans Affairs Committee on three of my bills that seek to improve mental health care, housing, and employment for our veterans as they transition between military and civilian life. \n\nWatch here: https://t.co/3qQXlY8muK https://t.co/q5pZKYMB9F'",Republican
RepTomGraves,"b'The Fund for America\xe2\x80\x99s Kids and Grandkids is an approach that causes us to think about what all of this deficit spending means, in whose name we are borrowing the money &amp; who will get stuck with the debt.  4/4 https://t.co/tnOsNnXLpM'",Republican
RepKayGranger,"b'Read my weekly e-newsletter, where I discuss President Trump\xe2\x80\x99s Decision on Iran https://t.co/WhiYWm4jva &amp; sign up for my e-newsletter here: https://t.co/7rJBFRJLN0'",Republican
RepFredUpton,"b"". @wwmtnews highlights yesterday's big vote on the #STARAct: Childhood Cancer STAR Act passed and awaits presidents signature #MI06 https://t.co/C6GdFUXTGU""",Republican
HouseCommerce,b'Legendary former Chairman @johndingell delivers keynote address at @uscaphis event honoring E&amp;C &gt;&gt; https://t.co/HccWwGjEVI',Republican
RepDianeBlack,"b'#Abortion is not health care, &amp; vulnerable women seeking true comprehensive care deserve better than abortion-centric facilities like Planned Parenthood. FULL STATEMENT \xe2\x86\x92 https://t.co/lNzL8OPdZf'",Republican
RulesReps,b'Happening now: The Committee is now meeting on continued consideration of the amendments to the National Defense Authorization Act. Watch live here: https://t.co/RBNMUgBzIC',Republican
Robert_Aderholt,b'Yesterday the House passed #RightToTry legislation ensuring that terminally ill patients have every chance at hope. Read my full statement here: https://t.co/0LYDTd1YkT',Republican
CongMikeSimpson,"b'Congratulations, we are fortunate to have his leadership in Eastern Idaho. https://t.co/5TScyoN4wB'",Republican
JudgeTedPoe,b'Santa Fe Mayor Jeff Tambrella says what Santa Fe needs most right now is prayers. Potential explosives have now been found around the community and high school. Praying. #SantaFeHighSchool',Republican
DrPhilRoe,"b'Next Monday, our nation will observe Memorial Day, a solemn day of remembrance for those who have made the ultimate sacrifice in the name of freedom. https://t.co/biJs1fUfQv'",Republican
RepMikeTurner,"b""Last month, @JoaquinCastrotx &amp; I introduced the bipartisan #StandWithUKAgainstRussiaViolationsAct in response to Russia's nerve agent attack against Sergei and Yulia Skripal. #READ more about our bill to impose more sanctions against Russia here: https://t.co/uAuFl3jEZk https://t.co/govYokIgVm""",Republican
RepMcClintock,b'Happy to welcome to DC today students from Sugar Bowl Academy !  @SugarBowlAcad https://t.co/BJm9o2HIct',Republican
SteveKingIA,b'#Savethe8th I pray the Irish \xe2\x98\x98\xef\xb8\x8f save their ProLife protection on Friday. America is quickly turning ProLife. All Irish \xe2\x98\x98\xef\xb8\x8f babies are a miracle and a Blessing from God.',Republican
RepMimiWalters,"b'@epells These are our children, and we trust orgs like USOC to protect our children from predators. Plain and simple, USOC failed in their duty. This will not be the last they hear from me. https://t.co/DV2rzqTPdj'",Republican
FinancialCmte,"b'This week, the Financial Services Committee approved three bills, bringing the total number of bills reported out of the Committee this Congress to 102. Read more: https://t.co/edzTwrKiDB'",Republican
NatResources,"b""We're loving our national parks to death, fortunately there is a #bipartisan solution to solve this. #FixOurParks\nhttps://t.co/SlmKbbCepP""",Republican
RepSmucker,"b""I'm working with a bipartisan group of House members to lower recidivism rates and help individuals convicted of nonviolent crimes reenter society.\n\nLast night, the House passed our FIRST STEP Act with an overwhelming bipartisan majority! https://t.co/eZK1LRJhPS""",Republican
RepGoodlatte,b'TUNE IN: I\xe2\x80\x99ll be joining @TeamCavuto on @FoxBusiness in just a few minutes to discuss the latest on immigration. https://t.co/8xyAqFNaqP',Republican
MarioDB,"b'It is absolutely ridiculous to think that anyone would say that decent, law-abiding Puerto Ricans should not be allowed to register to vote. Newsflash: Puerto Ricans are US citizens, and like any US citizen, have the right to vote wherever they live.'",Republican
repdonyoung,"b""Today the @Transport marked up the 2018 Water Resources Development Act. This bill prioritizes our country's water infrastructure needs and enhances our national commerce. I secured a number of #AK specific provisions I'm confident will help our great state. #WRDAWorks https://t.co/zO2GuvHIYe""",Republican
Transport,"b""#WRDA 2018 was approved by the Committee on Wednesday.  Now, it goes to the House Floor for a vote.  This year's bill is built on the successes of previous WRDA bills.  Learn how #WRDAWorks for Georgia and the Port of Savannah. @GAports https://t.co/nbSDbBxB53""",Republican
RepMikeRogersAL,b'I Really appreciate @the_uso hosting an event\xe2\x80\xa6 https://t.co/ElYRO5xRfc',Republican
RepDennisRoss,"b'I\xe2\x80\x99ve been honored to serve my community in Congress. Cindy &amp; I have decided that I will not seek re-election. \n\nI look forward to continued public service in my next chapter, where I will return to the practice of law and will pursue opportunities to increase civic education. https://t.co/hI7MDDcjbd'",Republican
repgregwalden,"b'With the Childhood Cancer STAR Act, we will save lives. We will help families. We will deliver hope to childhood cancer patients. Learn more here: https://t.co/HGfaXkg92N https://t.co/6oaFSi8iUZ'",Republican
PatrickMcHenry,"b'ICYMI: Yesterday I delivered a speech on the house floor in support of rolling back harmful #DoddFrank regulations that when removed, will help make our banking system more accessible for all Americans. Click here to watch \xe2\x86\x92 https://t.co/b66bzai8Cr'",Republican
RepWalterJones,b'It was great speaking with the @NATCA from North Carolina yesterday. Thank you for the enormous role you play in flight safety. \n\n#NATCA https://t.co/F37NEdGkYY',Republican
RepMcCaul,"b""My bill \xe2\x80\x93 the #STARAct \xe2\x80\x93 focuses on the four major concerns facing the pediatric cancer community: Survivorship, Treatment, Access, and Research. I'm thrilled we passed this critical legislation so we can elevate and prioritize the fight against childhood cancer at @NIH. https://t.co/bIS0XdBbBf""",Republican
RepGusBilirakis,"b'Last night, I was honored to host one of my favorite events of the year, my annual reception to honor local students who received my nomination and subsequent appointment to a United States Military Academy. Congratulations and good luck to these bright young people! https://t.co/wnRDSN7d7a'",Republican
congbillposey,b'Katie and I filled some care packages for the troops at a USO event at the Capitol #flex4forces https://t.co/a3EZmQjRS1',Republican
